,title,author,journal,volume,pagerange,date,doi
Core Terms (used in all domains) + Vehicular Crash / Road Safety ID:0,Real-time driver activity detection using advanced deep learning models,AL Emran M.,Cognitive Neurodynamics,20,,December 2026,10.1007/s11571-025-10376-1
Core Terms (used in all domains) + Vehicular Crash / Road Safety ID:1,"Patterns, Causes, and Mortality Trends of Road Traffic Accidents in Hamedan Province, Iran: A Spatiotemporal Epidemiological Analysis (2011–2024)",Jalili E.,Journal of Research in Health Sciences,26,,Winter 2026,10.34172/jrhs.11510
Core Terms (used in all domains) + Vehicular Crash / Road Safety ID:2,Correlates of Anxiety and Depression Among Youth in India: Findings from a Large-Scale Population-Based Cross-sectional Study,Saraswat N.,Journal of Research in Health Sciences,26,,Winter 2026,10.34172/jrhs.11330
Core Terms (used in all domains) + Vehicular Crash / Road Safety ID:3,Application study of endoscopic middle meningeal artery interruption combined with hematoma evacuation for the treatment of chronic subdural hematoma,Chen M.,Neurosurgical Review,49,,December 2026,10.1007/s10143-025-03929-9
Core Terms (used in all domains) + Vehicular Crash / Road Safety ID:4,Long-term functionality and quality of life after open pelvic ring fractures,Cerbasi S.,European Journal of Orthopaedic Surgery and Traumatology,36,,December 2026,10.1007/s00590-025-04607-8
Core Terms (used in all domains) + Vehicular Crash / Road Safety ID:5,Evaluation of Optimal Turns Configuration at Intersections in Urban Roads Network Based on Safety and Congestion indices using Non-dominated Sorting Genetic Algorithm-2,Asgari M.,International Journal of Engineering Transactions B Applications,39,1988-2011,August 2026,10.5829/ije.2026.39.08b.16
Core Terms (used in all domains) + Vehicular Crash / Road Safety ID:6,"Monthly rural-urban scaling of road accidents in England, Wales and Scotland (2019-2023)",Copsey I.,Applied Mathematics and Computation,516,,1 May 2026,10.1016/j.amc.2025.129874
Core Terms (used in all domains) + Vehicular Crash / Road Safety ID:7,Multi-graph spatio-temporal network for traffic accident risk forecasting,Zou G.,Pattern Recognition,172,,April 2026,10.1016/j.patcog.2025.112784
Core Terms (used in all domains) + Vehicular Crash / Road Safety ID:8,Exploring weather-related factors affecting the duration of multiple congestion levels caused by traffic incidents using a multivariate joint frailty survival model,Liu Y.,Travel Behaviour and Society,43,,April 2026,10.1016/j.tbs.2025.101209
Core Terms (used in all domains) + Vehicular Crash / Road Safety ID:9,Exploring the Potential and Utility of Graph Neural Networks in Crash Analysis and Safety Assessment,Ulak M.B.,Data Science for Transportation,8,,April 2026,10.1007/s42421-025-00144-2
Core Terms (used in all domains) + Vehicular Crash / Road Safety ID:10,Self-management of lower extremity fracture patients: A concept analysis review,Nur A.,Multidisciplinary Reviews,9,,April 2026,10.31893/multirev.2026187
Core Terms (used in all domains) + Vehicular Crash / Road Safety ID:11,An ergonomics study on side- and rear-view CMS display locations in two lane-changing scenarios,Ryu J.,Applied Ergonomics,132,,April 2026,10.1016/j.apergo.2025.104698
Core Terms (used in all domains) + Vehicular Crash / Road Safety ID:12,Designing the future of flight: A socio-technical framework for single-pilot operations in commercial aviation,Lopes N.M.,Journal of Air Transport Management,132,,April 2026,10.1016/j.jairtraman.2025.102939
Core Terms (used in all domains) + Vehicular Crash / Road Safety ID:13,Reducing pandemic outbreak risks and economic losses in aviation: A segmented incentive-penalty approach,Bo L.,Journal of Air Transport Management,132,,April 2026,10.1016/j.jairtraman.2025.102947
Core Terms (used in all domains) + Vehicular Crash / Road Safety ID:14,The importance of national culture factors identification in aviation incident analysis,Pratama G.B.,Journal of Air Transport Management,132,,April 2026,10.1016/j.jairtraman.2025.102938
Core Terms (used in all domains) + Vehicular Crash / Road Safety ID:15,Post-neurosurgical meningitis by Naegleria fowleri and Staphylococcus aureus in Ecuador: A case report,Montalvo E.,Parasitology International,111,,April 2026,10.1016/j.parint.2025.103179
Core Terms (used in all domains) + Vehicular Crash / Road Safety ID:16,Pharmacopuncture for patients with psychological stress caused by traffic accidents: A pragmatic randomized controlled pilot trial,Son J.Y.,Integrative Medicine Research,15,,March 2026,10.1016/j.imr.2025.101251
Core Terms (used in all domains) + Vehicular Crash / Road Safety ID:17,A frequency-attentive spatio-temporal convolutional neural network with weighted feature fusion for EEG-based driver fatigue detection,Bello I.,Biomedical Signal Processing and Control,113,,March 2026,10.1016/j.bspc.2025.108979
Core Terms (used in all domains) + Vehicular Crash / Road Safety ID:18,Desirable bikeways from the perspective of perceived safety using the ‘Hiyari Hatto Map’ in Japan,Tsuchiya K.,Case Studies on Transport Policy,23,,March 2026,10.1016/j.cstp.2025.101665
Core Terms (used in all domains) + Vehicular Crash / Road Safety ID:19,Do colored lane markings improve road safety? Causal evidence from Seoul,Lee S.,Accident Analysis and Prevention,226,,March 2026,10.1016/j.aap.2025.108336
Core Terms (used in all domains) + Vehicular Crash / Road Safety ID:20,Automated geolocalization of vehicles from UAV footage: evaluating measurement precision of object detection and segmentation methods,Ahmed M.W.,Applied Geomatics,18,,March 2026,10.1007/s12518-025-00662-2
Core Terms (used in all domains) + Vehicular Crash / Road Safety ID:21,Fatigue as a latent risk factor in maritime safety systems: A systematic review and implications for reliability analysis,Crestelo Moreno F.,Reliability Engineering and System Safety,267,,March 2026,10.1016/j.ress.2025.111930
Core Terms (used in all domains) + Vehicular Crash / Road Safety ID:22,Surgical management of paediatric frontal fractures with and without sinus pneumatisation: a multicentre study,Sobrero F.,Journal of Stomatology Oral and Maxillofacial Surgery,127,,March 2026,10.1016/j.jormas.2025.102607
Core Terms (used in all domains) + Vehicular Crash / Road Safety ID:23,A cross-scale traffic-communication control framework for improving safety through proactive congestion mitigation in mixed traffic,Wu Z.,Accident Analysis and Prevention,226,,March 2026,10.1016/j.aap.2025.108339
Core Terms (used in all domains) + Vehicular Crash / Road Safety ID:24,Analyzing heterogeneity in motorcycle crashes: a comparative study of senior and young riders using the random forest approach,Mohamad I.,Case Studies on Transport Policy,23,,March 2026,10.1016/j.cstp.2025.101666
Core Terms (used in all domains) + Visualization Concepts ID:0,"Patterns, Causes, and Mortality Trends of Road Traffic Accidents in Hamedan Province, Iran: A Spatiotemporal Epidemiological Analysis (2011–2024)",Jalili E.,Journal of Research in Health Sciences,26,,Winter 2026,10.34172/jrhs.11510
Core Terms (used in all domains) + Visualization Concepts ID:1,"Monthly rural-urban scaling of road accidents in England, Wales and Scotland (2019-2023)",Copsey I.,Applied Mathematics and Computation,516,,1 May 2026,10.1016/j.amc.2025.129874
Core Terms (used in all domains) + Visualization Concepts ID:2,A frequency-attentive spatio-temporal convolutional neural network with weighted feature fusion for EEG-based driver fatigue detection,Bello I.,Biomedical Signal Processing and Control,113,,March 2026,10.1016/j.bspc.2025.108979
Core Terms (used in all domains) + Visualization Concepts ID:3,SET-DGCN: An end-to-end electroencephalography-based fatigue detection method for young drivers,Cao Y.,Accident Analysis and Prevention,225,,February 2026,10.1016/j.aap.2025.108311
Core Terms (used in all domains) + Visualization Concepts ID:4,An anchor-free automatic evaluation system for pavement surface distress using UAV aerial photograph,Yang T.,Measurement Journal of the International Measurement Confederation,259,,1 February 2026,10.1016/j.measurement.2025.119669
Core Terms (used in all domains) + Visualization Concepts ID:5,LiDAR-GPS Integrated System for Real-Time Pothole Detection and Visualization Using Google Earth,Pattanashetty V.B.,Lecture Notes in Networks and Systems,1656 LNNS,215-224,2026,10.1007/978-3-032-06703-6_21
Core Terms (used in all domains) + Visualization Concepts ID:6,Application of the dual-model interpretability framework of XGBoost-SHAP and GAT-GNNExplainer to investigate the impact of the built environment on traffic accidents at intersections,Chen Y.,Accident Analysis and Prevention,224,,January 2026,10.1016/j.aap.2025.108305
Core Terms (used in all domains) + Visualization Concepts ID:7,Mapping Risk Factors to Build Inclusive Roads: A Systematic Diagnosis for Enhancing Vulnerable Users and Persons with Reduced Mobility Safety,Maestroni D.,Lecture Notes in Computer Science,15898 LNCS,87-104,2026,10.1007/978-3-031-97657-5_6
Core Terms (used in all domains) + Visualization Concepts ID:8,Characteristics analysis of autonomous vehicle pre-crash scenarios,Li Y.,Accident Analysis and Prevention,224,,January 2026,10.1016/j.aap.2025.108285
Core Terms (used in all domains) + Visualization Concepts ID:9,Naturalistic Spatial Road Safety Analysis: The SmartMaps Project,Nikolaou D.,Lecture Notes in Mobility,Part F903,256-262,2026,10.1007/978-3-031-88974-5_37
Core Terms (used in all domains) + Visualization Concepts ID:10,Analysis of Hidden Patterns in Road Accident Dataset Using Clustering Techniques,Velesaca H.O.,Communications in Computer and Information Science,2393 CCIS,96-111,2026,10.1007/978-3-031-98290-3_8
Core Terms (used in all domains) + Visualization Concepts ID:11,Collaborative Perception for Self-driving Vehicles Using Federated Learning on Edge Devices,Huang Q.,Communications in Computer and Information Science,2596 CCIS,120-132,2026,10.1007/978-981-95-1331-4_10
Core Terms (used in all domains) + Visualization Concepts ID:12,Road Accidents - Study of the Evolution and Mapping of Accidents Within the Municipality of Cagliari – Italy,Rassu N.,Lecture Notes in Computer Science,15896 LNCS,401-418,2026,10.1007/978-3-031-97654-4_25
Core Terms (used in all domains) + Visualization Concepts ID:13,Integrating criminal offense prevention into road traffic safety: A criminological and empirical assessment,Nechypailo V.,Multidisciplinary Science Journal,8,,2026,10.31893/multiscience.2026129
Core Terms (used in all domains) + Analytical Dimension / Focus ID:0,"Patterns, Causes, and Mortality Trends of Road Traffic Accidents in Hamedan Province, Iran: A Spatiotemporal Epidemiological Analysis (2011–2024)",Jalili E.,Journal of Research in Health Sciences,26,,Winter 2026,10.34172/jrhs.11510
Core Terms (used in all domains) + Analytical Dimension / Focus ID:1,Correlates of Anxiety and Depression Among Youth in India: Findings from a Large-Scale Population-Based Cross-sectional Study,Saraswat N.,Journal of Research in Health Sciences,26,,Winter 2026,10.34172/jrhs.11330
Core Terms (used in all domains) + Analytical Dimension / Focus ID:2,Long-term functionality and quality of life after open pelvic ring fractures,Cerbasi S.,European Journal of Orthopaedic Surgery and Traumatology,36,,December 2026,10.1007/s00590-025-04607-8
Core Terms (used in all domains) + Analytical Dimension / Focus ID:3,Multi-graph spatio-temporal network for traffic accident risk forecasting,Zou G.,Pattern Recognition,172,,April 2026,10.1016/j.patcog.2025.112784
Core Terms (used in all domains) + Analytical Dimension / Focus ID:4,Exploring weather-related factors affecting the duration of multiple congestion levels caused by traffic incidents using a multivariate joint frailty survival model,Liu Y.,Travel Behaviour and Society,43,,April 2026,10.1016/j.tbs.2025.101209
Core Terms (used in all domains) + Analytical Dimension / Focus ID:5,A frequency-attentive spatio-temporal convolutional neural network with weighted feature fusion for EEG-based driver fatigue detection,Bello I.,Biomedical Signal Processing and Control,113,,March 2026,10.1016/j.bspc.2025.108979
Core Terms (used in all domains) + Analytical Dimension / Focus ID:6,Do colored lane markings improve road safety? Causal evidence from Seoul,Lee S.,Accident Analysis and Prevention,226,,March 2026,10.1016/j.aap.2025.108336
Core Terms (used in all domains) + Analytical Dimension / Focus ID:7,DSSTN: Dynamic selective spatio-temporal modeling network for traffic flow prediction,Yang Y.,Expert Systems with Applications,299,,1 March 2026,10.1016/j.eswa.2025.130297
Core Terms (used in all domains) + Analytical Dimension / Focus ID:8,A multivariate approach for drowsiness detection using empirical Fourier decomposition,Mahato A.,Biomedical Signal Processing and Control,113,,March 2026,10.1016/j.bspc.2025.108944
Core Terms (used in all domains) + Analytical Dimension / Focus ID:9,A traffic flow forecasting model based on dynamic graph learning and temporally adaptive attention,Zhang H.,Safety Science,195,,March 2026,10.1016/j.ssci.2025.107063
Core Terms (used in all domains) + Analytical Dimension / Focus ID:10,Fatigue as a latent risk factor in maritime safety systems: A systematic review and implications for reliability analysis,Crestelo Moreno F.,Reliability Engineering and System Safety,267,,March 2026,10.1016/j.ress.2025.111930
Core Terms (used in all domains) + Analytical Dimension / Focus ID:11,Novel V2X-based traffic congestion prediction system,Bereczki N.,Big Data Research,43,,28 February 2026,10.1016/j.bdr.2025.100577
Core Terms (used in all domains) + Analytical Dimension / Focus ID:12,A comprehensive review of traffic prediction: From traditional machine learning to AutoML,Khatiriolyaee M.,Neurocomputing,666,,14 February 2026,10.1016/j.neucom.2025.132148
Core Terms (used in all domains) + Analytical Dimension / Focus ID:13,Cross-ratio and vehicle dynamics-based speed estimation for traffic accident analysis,Choi Y.,Forensic Science International,378,,February 2026,10.1016/j.forsciint.2025.112675
Core Terms (used in all domains) + Analytical Dimension / Focus ID:14,Reconsidering the relationships between different types of traffic violations and traffic accidents involving the same driver from multivariate joint survival models,Liu Y.,Transport Policy,176,,February 2026,10.1016/j.tranpol.2025.103926
Core Terms (used in all domains) + Analytical Dimension / Focus ID:15,Have they taken effect as expected? Unpacking the black box of road safety countermeasure effects,Zhang Y.,Accident Analysis and Prevention,225,,February 2026,10.1016/j.aap.2025.108309
Core Terms (used in all domains) + Analytical Dimension / Focus ID:16,Causal decision-making for speed camera allocation: Methodology and an application,Zhang Y.,Evaluation and Program Planning,114,,February 2026,10.1016/j.evalprogplan.2025.102713
Core Terms (used in all domains) + Analytical Dimension / Focus ID:17,The effect of license plate number-based vehicle restrictions on crash frequency,Valencia-Cardenas M.C.,Accident Analysis and Prevention,225,,February 2026,10.1016/j.aap.2025.108326
Core Terms (used in all domains) + Analytical Dimension / Focus ID:18,Crash analysis for urban road networks: Semi-parametric spatial negative binomial models with monotonic constraints,Xia M.,Accident Analysis and Prevention,225,,February 2026,10.1016/j.aap.2025.108329
Core Terms (used in all domains) + Analytical Dimension / Focus ID:19,SET-DGCN: An end-to-end electroencephalography-based fatigue detection method for young drivers,Cao Y.,Accident Analysis and Prevention,225,,February 2026,10.1016/j.aap.2025.108311
Core Terms (used in all domains) + Analytical Dimension / Focus ID:20,Unpacking temporal trends in U.S. road injury mortality by mode of transportation and sex: An age–period–cohort analysis,Hsu C.K.,Cities,169,,February 2026,10.1016/j.cities.2025.106492
Core Terms (used in all domains) + Analytical Dimension / Focus ID:21,Spatiotemporal evolution of global maritime accidents: Integrating hot spot detection and severity modeling for system safety,Wan C.,Reliability Engineering and System Safety,266,,February 2026,10.1016/j.ress.2025.111687
Core Terms (used in all domains) + Analytical Dimension / Focus ID:22,Profiling crash-associated factors and injury risk patterns among lost-in-thought (daydreaming) drivers: a combined cluster-sequence analysis approach,Kalambay P.,Accident Analysis and Prevention,225,,February 2026,10.1016/j.aap.2025.108315
Core Terms (used in all domains) + Analytical Dimension / Focus ID:23,Multi-factor coupled friction coefficient map spatiotemporal modeling and driving risk fusion for rainy roads,Yang L.,Accident Analysis and Prevention,225,,February 2026,10.1016/j.aap.2025.108313
Core Terms (used in all domains) + Analytical Dimension / Focus ID:24,Comprehensive resilience assessment of high-speed rail network in China,Li T.,Transportation Research Part A Policy and Practice,204,,February 2026,10.1016/j.tra.2025.104811
Core Terms (used in all domains) + Audience / Application Context ID:0,Correlates of Anxiety and Depression Among Youth in India: Findings from a Large-Scale Population-Based Cross-sectional Study,Saraswat N.,Journal of Research in Health Sciences,26,,Winter 2026,10.34172/jrhs.11330
Core Terms (used in all domains) + Audience / Application Context ID:1,"Monthly rural-urban scaling of road accidents in England, Wales and Scotland (2019-2023)",Copsey I.,Applied Mathematics and Computation,516,,1 May 2026,10.1016/j.amc.2025.129874
Core Terms (used in all domains) + Audience / Application Context ID:2,Exploring weather-related factors affecting the duration of multiple congestion levels caused by traffic incidents using a multivariate joint frailty survival model,Liu Y.,Travel Behaviour and Society,43,,April 2026,10.1016/j.tbs.2025.101209
Core Terms (used in all domains) + Audience / Application Context ID:3,Exploring the Potential and Utility of Graph Neural Networks in Crash Analysis and Safety Assessment,Ulak M.B.,Data Science for Transportation,8,,April 2026,10.1007/s42421-025-00144-2
Core Terms (used in all domains) + Audience / Application Context ID:4,Designing the future of flight: A socio-technical framework for single-pilot operations in commercial aviation,Lopes N.M.,Journal of Air Transport Management,132,,April 2026,10.1016/j.jairtraman.2025.102939
Core Terms (used in all domains) + Audience / Application Context ID:5,Analyzing heterogeneity in motorcycle crashes: a comparative study of senior and young riders using the random forest approach,Mohamad I.,Case Studies on Transport Policy,23,,March 2026,10.1016/j.cstp.2025.101666
Core Terms (used in all domains) + Audience / Application Context ID:6,DSSTN: Dynamic selective spatio-temporal modeling network for traffic flow prediction,Yang Y.,Expert Systems with Applications,299,,1 March 2026,10.1016/j.eswa.2025.130297
Core Terms (used in all domains) + Audience / Application Context ID:7,Do driver assistance systems mitigate passengers’ perceived risk when riding with a driver under the influence of alcohol? Evidence from a discrete choice experiment among youths,Biondi B.,Transport Policy,177,,March 2026,10.1016/j.tranpol.2025.103940
Core Terms (used in all domains) + Audience / Application Context ID:8,Assessing Road Safety Challenges in Rapidly Urbanizing Cities: A Fuzzy Logic and Factor Comparison Method Approach,Bhattacharya K.,Journal of Legal Affairs and Dispute Resolution in Engineering and Construction,18,,1 February 2026,10.1061/JLADAH.LADR-1368
Core Terms (used in all domains) + Audience / Application Context ID:9,The effect of license plate number-based vehicle restrictions on crash frequency,Valencia-Cardenas M.C.,Accident Analysis and Prevention,225,,February 2026,10.1016/j.aap.2025.108326
Core Terms (used in all domains) + Audience / Application Context ID:10,Evaluating driver preferences between punitive and non-punitive speeding penalties: Results from a stated choice experiment,Theofilatos A.,Journal of Safety Research,96,64-73,February 2026,10.1016/j.jsr.2025.11.012
Core Terms (used in all domains) + Audience / Application Context ID:11,Comparing idle times of public bicycles in Beijing's free-floating and Seoul's dock-based systems,Chung J.,Cities,169,,February 2026,10.1016/j.cities.2025.106564
Core Terms (used in all domains) + Audience / Application Context ID:12,"An introduction to tunnel lighting: Basis, calculations, and future lines in the interface between safety and sustainability",Peña-García A.,Underground Space New,26,220-234,February 2026,10.1016/j.undsp.2025.06.008
Core Terms (used in all domains) + Audience / Application Context ID:13,A Systematic Review on Road Accident Prediction: A Special Attention Toward Machine Learning and Deep Learning Approaches,Verma R.,Journal of Circuits Systems and Computers,35,,30 January 2026,10.1142/S0218126625300090
Core Terms (used in all domains) + Audience / Application Context ID:14,A Mutual Distillation Network for single-channel EEG-based driver fatigue detection,Guo Y.,Measurement Journal of the International Measurement Confederation,257,,15 January 2026,10.1016/j.measurement.2025.118644
Core Terms (used in all domains) + Audience / Application Context ID:15,An intelligent in-vehicle drunk driving prediction system based on e-nose assisted multi-signal fusion technology,Xu Y.,Sensors and Actuators B Chemical,447,,15 January 2026,10.1016/j.snb.2025.138852
Core Terms (used in all domains) + Audience / Application Context ID:16,Mathematical programming models to recommend response plans for traffic incident management,Koronakos G.,Operational Research,26,,January 2026,10.1007/s12351-025-00993-3
Core Terms (used in all domains) + Audience / Application Context ID:17,Do visual attributes of streetscapes affect car crashes? Applications of computer vision techniques and Machine learning,Park J.,Travel Behaviour and Society,42,,January 2026,10.1016/j.tbs.2025.101153
Core Terms (used in all domains) + Audience / Application Context ID:18,Road Safety in Low- and Middle-Income Countries – Analysis and Recommendations,Erdelean I.,Lecture Notes in Mobility,Part F903,182-187,2026,10.1007/978-3-031-88974-5_26
Core Terms (used in all domains) + Audience / Application Context ID:19,Mapping Risk Factors to Build Inclusive Roads: A Systematic Diagnosis for Enhancing Vulnerable Users and Persons with Reduced Mobility Safety,Maestroni D.,Lecture Notes in Computer Science,15898 LNCS,87-104,2026,10.1007/978-3-031-97657-5_6
Core Terms (used in all domains) + Audience / Application Context ID:20,Integrating Facial Indicators for Enhanced Road Safety by Using Deep Learning Models,Murthy K.V.S.S.R.,Lecture Notes in Networks and Systems,1623 LNNS,151-163,2026,10.1007/978-3-032-05120-2_14
Core Terms (used in all domains) + Audience / Application Context ID:21,Pedestrian Behavior and Safety Perceptions Among University Students at Signalized Crosswalks,Bouhouras E.,Lecture Notes in Computer Science,15892 LNCS,81-100,2026,10.1007/978-3-031-97638-4_6
Core Terms (used in all domains) + Audience / Application Context ID:22,Using Safety Performance Indicators to Support and Monitor Road Safety Policies – The Role of Trendline,Van den Berghe W.,Lecture Notes in Mobility,Part F903,323-329,2026,10.1007/978-3-031-88974-5_47
Core Terms (used in all domains) + Audience / Application Context ID:23,Criminal Liability of Legal Persons Arising from the Use of Autonomous Vehicles: A Comparative Study,Alkhawatreh A.,Studies in Systems Decision and Control,594,2609-2619,2026,10.1007/978-3-031-89771-9_186
Core Terms (used in all domains) + Audience / Application Context ID:24,Seasonal instability indeterminants of vulnerable road user crashes: a partially temporally constrained modeling approach,Abdulrazaq M.A.,Accident Analysis and Prevention,224,,January 2026,10.1016/j.aap.2025.108277
Core Terms (used in all domains) + Software / Tools Mentioned ID:0,Decision Support System for Urban Road Safety: A Comparison Between Two Different City Size,Pinna M.,Lecture Notes in Computer Science,15889 LNCS,54-71,2026,10.1007/978-3-031-97603-2_4
Core Terms (used in all domains) + Software / Tools Mentioned ID:1,Mapping Risk Factors to Build Inclusive Roads: A Systematic Diagnosis for Enhancing Vulnerable Users and Persons with Reduced Mobility Safety,Maestroni D.,Lecture Notes in Computer Science,15898 LNCS,87-104,2026,10.1007/978-3-031-97657-5_6
Core Terms (used in all domains) + Software / Tools Mentioned ID:2,Road Accidents - Study of the Evolution and Mapping of Accidents Within the Municipality of Cagliari – Italy,Rassu N.,Lecture Notes in Computer Science,15896 LNCS,401-418,2026,10.1007/978-3-031-97654-4_25
Core Terms (used in all domains) + Software / Tools Mentioned ID:3,Spatiotemporal and behavioural correlates of cycling near misses: evidence from helmet-mounted video data,Christie N.,Accident Analysis and Prevention,224,,January 2026,10.1016/j.aap.2025.108272
Core Terms (used in all domains) + Software / Tools Mentioned ID:4,Interactions Between Drivers and Road Infrastructure Characteristics: Combining OBD and Geographic Data to Classify Driver Behaviors with Feed-Forward Neural Network,Nicolosi V.,Lecture Notes in Computer Science,15892 LNCS,51-64,2026,10.1007/978-3-031-97638-4_4
Core Terms (used in all domains) + Software / Tools Mentioned ID:5,A systematic review on GIS-based road traffic accidents analysis and road safety audit,Endashaw D.K.,Computational Urban Science,5,,December 2025,10.1007/s43762-025-00221-w
Core Terms (used in all domains) + Software / Tools Mentioned ID:6,Determining the Spatial and Temporal Distribution of Traffic Accidents Using GIS-based Data in Tabriz,Dianat I.,Iranian Journal of Epidemiology,20,219-232,Winter 2025,10.18502/ijre.v20i4.18869
Core Terms (used in all domains) + Software / Tools Mentioned ID:7,Epidemiology of pediatric road traffic injuries: a multicenter hospital-based study in Ghana,Appiah A.B.,Injury Epidemiology,12,,December 2025,10.1186/s40621-025-00646-1
Core Terms (used in all domains) + Software / Tools Mentioned ID:8,"Spatiotemporal modeling and mapping of traffic crashes using R programming and GIS: a case study of Bole sub city, Addis Ababa, Ethiopia",Haile M.N.,Scientific Reports,15,,December 2025,10.1038/s41598-025-19651-x
Core Terms (used in all domains) + Software / Tools Mentioned ID:9,How does the built environment affect driver behaviours? A methodological framework for large-scale analysis that combines Onboard Diagnostic and Geographical Data to promote Road Safety,Nicolosi V.,Transportation Engineering,22,,December 2025,10.1016/j.treng.2025.100384
Core Terms (used in all domains) + Software / Tools Mentioned ID:10,Evaluation of snow-drifting influencing factors and susceptibility of transportation infrastructure lines,Li P.,Scientific Reports,15,,December 2025,10.1038/s41598-025-86207-4
Core Terms (used in all domains) + Software / Tools Mentioned ID:11,Women's perceived safety in public transport: Insights from the Middle East,Soltani A.,Journal of Transport Geography,129,,December 2025,10.1016/j.jtrangeo.2025.104413
Core Terms (used in all domains) + Software / Tools Mentioned ID:12,Integrating climatic projections and geographical variables to predict road accident risks based on insights from the Khorramabad pole Zal axis under RCP scenarios,Moridi V.,Discover Environment,3,,December 2025,10.1007/s44274-025-00417-1
Core Terms (used in all domains) + Software / Tools Mentioned ID:13,On the road to school: A naturalistic study of adolescent bicyclist route safety,Ghanbari A.,Journal of Safety Research,95,1-9,December 2025,10.1016/j.jsr.2025.08.006
Core Terms (used in all domains) + Software / Tools Mentioned ID:14,Analyzing pocket park locations and pedestrian accident rates using Generative Adversarial Networks,Li Y.,Cities,167,,December 2025,10.1016/j.cities.2025.106341
Core Terms (used in all domains) + Software / Tools Mentioned ID:15,Slower searching yields higher efficiency: A case study of taxi drivers,Li Q.,Proceedings of the National Academy of Sciences of the United States of America,122,,4 November 2025,10.1073/pnas.2502965122
Core Terms (used in all domains) + Software / Tools Mentioned ID:16,Cognitive-Inspired Multimodal Learning Framework for Hazard Identification in Highway Construction with BIM–GIS Integration,Zhou J.,Sustainability Switzerland,17,,November 2025,10.3390/su17219395
Core Terms (used in all domains) + Software / Tools Mentioned ID:17,"Evaluating the impact of meteorological parameters on road accidents using spatial analysis: a case study of Semnan province, Iran",Ghazvinian H.,Spatial Information Research,33,,October 2025,10.1007/s41324-025-00645-w
Core Terms (used in all domains) + Software / Tools Mentioned ID:18,Analysis of Spatial and Environmental Factors Beyond Speed Limits Affecting Drivers’ Speed Choice,Baek J.,Sustainability Switzerland,17,,October 2025,10.3390/su17209097
Core Terms (used in all domains) + Software / Tools Mentioned ID:19,A data-driven spatial decision framework for assessing the relationship between logistics activities and heavy vehicle accident risks,Kaya Ö.,Research in Transportation Business and Management,62,,October 2025,10.1016/j.rtbm.2025.101440
Core Terms (used in all domains) + Software / Tools Mentioned ID:20,Early Response Framework for Accident Detection and Prevention Through Multi-Zone Fog-Cloud Collaboration for Safety-Critical Applications,Mishra M.,Software Practice and Experience,55,1616-1634,September 2025,10.1002/spe.3439
Core Terms (used in all domains) + Software / Tools Mentioned ID:21,"Evaluation of indicators of aging-friendly urban indicators in 8 districts of Ahwaz metropolitan, southwest Iran",Asadollahi A.,Discover Applied Sciences,7,,September 2025,10.1007/s42452-025-07514-z
Core Terms (used in all domains) + Software / Tools Mentioned ID:22,Integrating UAV-based LiDAR and imaging data for semi-automated detection of water ponding in pavement networks,Shwan H.,Canadian Journal of Civil Engineering,52,1732-1742,September 2025,10.1139/cjce-2024-0539
Core Terms (used in all domains) + Output Type ID:0,A frequency-attentive spatio-temporal convolutional neural network with weighted feature fusion for EEG-based driver fatigue detection,Bello I.,Biomedical Signal Processing and Control,113,,March 2026,10.1016/j.bspc.2025.108979
Core Terms (used in all domains) + Output Type ID:1,Desirable bikeways from the perspective of perceived safety using the ‘Hiyari Hatto Map’ in Japan,Tsuchiya K.,Case Studies on Transport Policy,23,,March 2026,10.1016/j.cstp.2025.101665
Core Terms (used in all domains) + Output Type ID:2,Surgical management of paediatric frontal fractures with and without sinus pneumatisation: a multicentre study,Sobrero F.,Journal of Stomatology Oral and Maxillofacial Surgery,127,,March 2026,10.1016/j.jormas.2025.102607
Core Terms (used in all domains) + Output Type ID:3,Multi-layer dynamic network model of traffic flow in terminal area and complexity analysis,Yating P.,Journal of Air Transport Management,131,,March 2026,10.1016/j.jairtraman.2025.102881
Core Terms (used in all domains) + Output Type ID:4,Multi-factor coupled friction coefficient map spatiotemporal modeling and driving risk fusion for rainy roads,Yang L.,Accident Analysis and Prevention,225,,February 2026,10.1016/j.aap.2025.108313
Core Terms (used in all domains) + Output Type ID:5,An anchor-free automatic evaluation system for pavement surface distress using UAV aerial photograph,Yang T.,Measurement Journal of the International Measurement Confederation,259,,1 February 2026,10.1016/j.measurement.2025.119669
Core Terms (used in all domains) + Output Type ID:6,YOLO-RD: Road defect detection with context-aware attention and balanced loss,Wang P.,Neurocomputing,662,,21 January 2026,10.1016/j.neucom.2025.132000
Core Terms (used in all domains) + Output Type ID:7,GPS-Based Toll Tracking and Speed Monitoring System,Jawale P.,Lecture Notes in Networks and Systems,1459 LNNS,335-346,2026,10.1007/978-981-96-7505-0_26
Core Terms (used in all domains) + Output Type ID:8,"Actors, roles and responsibilities for speed management: A systems-based analysis of key stakeholders in Sweden and Queensland, Australia",Keller M.E.,Safety Science,193,,January 2026,10.1016/j.ssci.2025.107012
Core Terms (used in all domains) + Output Type ID:9,Road Accidents - Study of the Evolution and Mapping of Accidents Within the Municipality of Cagliari – Italy,Rassu N.,Lecture Notes in Computer Science,15896 LNCS,401-418,2026,10.1007/978-3-031-97654-4_25
Core Terms (used in all domains) + Output Type ID:10,Assessment of Dynamic Maritime Navigation Risks During Cold Surges in Bohai Bay and Northern Yellow Sea: An Integration of Atmospheric and Wave Numerical Models,Chen H.,Lecture Notes in Civil Engineering,735 LNCE,275-284,2026,10.1007/978-981-95-1487-8_27
Core Terms (used in all domains) + Output Type ID:11,Driver Cognitive Distraction Detection Based on Eye Movement Behavior and Spatio-Temporal Information Fusion,Qiao Y.,Lecture Notes in Computer Science,15295 LNCS,92-107,2026,10.1007/978-981-96-6603-4_7
Core Terms (used in all domains) + Output Type ID:12,"Vehicle Counting for Traffic Analysis: A Comparative Study Using YOLOv5, YOLOv8, and YOLO11",Naik D.S.B.,Lecture Notes in Networks and Systems,1628 LNNS,157-168,2026,10.1007/978-3-032-05545-3_13
Core Terms (used in all domains) + Evaluation / User Study ID:0,Self-management of lower extremity fracture patients: A concept analysis review,Nur A.,Multidisciplinary Reviews,9,,April 2026,10.31893/multirev.2026187
Core Terms (used in all domains) + Evaluation / User Study ID:1,Pharmacopuncture for patients with psychological stress caused by traffic accidents: A pragmatic randomized controlled pilot trial,Son J.Y.,Integrative Medicine Research,15,,March 2026,10.1016/j.imr.2025.101251
Core Terms (used in all domains) + Evaluation / User Study ID:2,A frequency-attentive spatio-temporal convolutional neural network with weighted feature fusion for EEG-based driver fatigue detection,Bello I.,Biomedical Signal Processing and Control,113,,March 2026,10.1016/j.bspc.2025.108979
Core Terms (used in all domains) + Evaluation / User Study ID:3,Do colored lane markings improve road safety? Causal evidence from Seoul,Lee S.,Accident Analysis and Prevention,226,,March 2026,10.1016/j.aap.2025.108336
Core Terms (used in all domains) + Evaluation / User Study ID:4,Automated geolocalization of vehicles from UAV footage: evaluating measurement precision of object detection and segmentation methods,Ahmed M.W.,Applied Geomatics,18,,March 2026,10.1007/s12518-025-00662-2
Core Terms (used in all domains) + Evaluation / User Study ID:5,A cross-scale traffic-communication control framework for improving safety through proactive congestion mitigation in mixed traffic,Wu Z.,Accident Analysis and Prevention,226,,March 2026,10.1016/j.aap.2025.108339
Core Terms (used in all domains) + Evaluation / User Study ID:6,Analyzing heterogeneity in motorcycle crashes: a comparative study of senior and young riders using the random forest approach,Mohamad I.,Case Studies on Transport Policy,23,,March 2026,10.1016/j.cstp.2025.101666
Core Terms (used in all domains) + Evaluation / User Study ID:7,SET-DGCN: An end-to-end electroencephalography-based fatigue detection method for young drivers,Cao Y.,Accident Analysis and Prevention,225,,February 2026,10.1016/j.aap.2025.108311
Core Terms (used in all domains) + Evaluation / User Study ID:8,A data-driven digital twin model for bridge health monitoring using feature fusion and unsupervised deep learning,Mousavi V.,Information Fusion,126,,February 2026,10.1016/j.inffus.2025.103534
Core Terms (used in all domains) + Evaluation / User Study ID:9,Why do drivers brake later than AEB in rear-end collisions? An analysis based on drive recorder videos,Zhao Y.,Accident Analysis and Prevention,225,,February 2026,10.1016/j.aap.2025.108275
Core Terms (used in all domains) + Evaluation / User Study ID:10,Factors associated with venous thromboembolism in hospitalized traumatic brain injury patients with external ventricular drains: Retrospective cohort study,Bonney P.A.,Clinical Neurology and Neurosurgery,261,,February 2026,10.1016/j.clineuro.2025.109265
Core Terms (used in all domains) + Evaluation / User Study ID:11,Evaluation of railway intelligent transportation systems to construct safer railway transport systems with a novel decision-making model,Görçün Ö.F.,Transport Policy,176,,February 2026,10.1016/j.tranpol.2025.103897
Core Terms (used in all domains) + Evaluation / User Study ID:12,Polynomial gated network: An intelligent classification method for driver fatigue based on EEG analysis,Huangfu C.,Measurement Journal of the International Measurement Confederation,257,,15 January 2026,10.1016/j.measurement.2025.118973
Core Terms (used in all domains) + Evaluation / User Study ID:13,Polarization imaging for visibility enhancement of targets in Dense Sea Fog,Jia Q.,Measurement Journal of the International Measurement Confederation,257,,15 January 2026,10.1016/j.measurement.2025.118557
Core Terms (used in all domains) + Evaluation / User Study ID:14,"Detection of driver maneuvers using a modular, low-cost sensor device",Pourkhaksar A.,Measurement Journal of the International Measurement Confederation,257,,15 January 2026,10.1016/j.measurement.2025.118864
Core Terms (used in all domains) + Evaluation / User Study ID:15,An enhanced FMEA based risk analysis for ship fire safety incorporating the dynamic consensus reaching process with bounded confidence opinion dynamics,Huang A.,Ocean Engineering,343,,15 January 2026,10.1016/j.oceaneng.2025.123318
Core Terms (used in all domains) + Evaluation / User Study ID:16,Enhancing Road Safety: A Real-Time Solution for Traffic Accident Reporting and Road Condition Monitoring,Georgiou S.,Lecture Notes in Computer Science,16079 LNCS,83-95,2026,10.1007/978-3-032-06164-5_7
Core Terms (used in all domains) + Evaluation / User Study ID:17,Application of the dual-model interpretability framework of XGBoost-SHAP and GAT-GNNExplainer to investigate the impact of the built environment on traffic accidents at intersections,Chen Y.,Accident Analysis and Prevention,224,,January 2026,10.1016/j.aap.2025.108305
Core Terms (used in all domains) + Evaluation / User Study ID:18,Decision Support System for Urban Road Safety: A Comparison Between Two Different City Size,Pinna M.,Lecture Notes in Computer Science,15889 LNCS,54-71,2026,10.1007/978-3-031-97603-2_4
Core Terms (used in all domains) + Evaluation / User Study ID:19,Improving Road Safety: Examining How Drowsiness Detection Technologies Affect the Reduction of Accidents,Kumar S.,Lecture Notes in Networks and Systems,1452 LNNS,107-121,2026,10.1007/978-981-96-7292-9_10
Core Terms (used in all domains) + Evaluation / User Study ID:20,Monitoring National Road Safety Strategies in the EU,Yannis G.,Lecture Notes in Mobility,Part F903,396-402,2026,10.1007/978-3-031-88974-5_58
Core Terms (used in all domains) + Evaluation / User Study ID:21,Use of Accident Prediction Models in Road Safety Management – An Irish Case Study,Harpham N.,Lecture Notes in Mobility,Part F903,209-214,2026,10.1007/978-3-031-88974-5_30
Core Terms (used in all domains) + Evaluation / User Study ID:22,Is road safety effective in promoting eco-driving? An experiment on how benefit framing affects eco-driving intentions among Montreal drivers,St-Arnaud V.C.,Transportation Research Part F Traffic Psychology and Behaviour,116,,January 2026,10.1016/j.trf.2025.103372
Core Terms (used in all domains) + Evaluation / User Study ID:23,Development of a Decision Support Tool for Safety in Transit Assessment at Stations: A Case Study of Bangkok's Suburban Rail Stations,Sripathomswat K.,Communications in Computer and Information Science,2540 CCIS,25-34,2026,10.1007/978-3-031-99353-4_3
Interactive / Online Visualization + Visualization Concepts ID:0,An Analytical Framework for Clustering Roads Based on Crash Severity Analysis,khedher I.,SN Computer Science,6,,August 2025,10.1007/s42979-025-04097-9
Interactive / Online Visualization + Visualization Concepts ID:1,The Dashboard of Remote Monitoring System for Driver Fatigue,Hidayat R.N.,Journal Europeen Des Systemes Automatises,58,1089-1100,June 2025,10.18280/jesa.580601
Interactive / Online Visualization + Visualization Concepts ID:2,Children on wheels: Identifying crash determinants using cluster correspondence analysis,Chakraborty R.,Accident Analysis and Prevention,216,,June 2025,10.1016/j.aap.2025.108025
Interactive / Online Visualization + Visualization Concepts ID:3,Towards Enhancing Road Safety in South Carolina Using Insights from Traffic and Driver-Education Data,Gupta N.,Proceedings of the Aaai Conference on Artificial Intelligence,39,29385-29387,11 April 2025,10.1609/aaai.v39i28.35260
Interactive / Online Visualization + Visualization Concepts ID:4,Driver-Centric Design: Empirical Strategies for Optimizing the Visualization of Driving Information on Vehicle Liquid Crystal Display Dashboards,Lin J.L.,IEEE Access,13,67334-67349,2025,10.1109/ACCESS.2025.3560681
Interactive / Online Visualization + Analytical Dimension / Focus ID:0,Exploring weather-related factors affecting the duration of multiple congestion levels caused by traffic incidents using a multivariate joint frailty survival model,Liu Y.,Travel Behaviour and Society,43,,April 2026,10.1016/j.tbs.2025.101209
Interactive / Online Visualization + Analytical Dimension / Focus ID:1,A multivariate approach for drowsiness detection using empirical Fourier decomposition,Mahato A.,Biomedical Signal Processing and Control,113,,March 2026,10.1016/j.bspc.2025.108944
Interactive / Online Visualization + Analytical Dimension / Focus ID:2,SET-DGCN: An end-to-end electroencephalography-based fatigue detection method for young drivers,Cao Y.,Accident Analysis and Prevention,225,,February 2026,10.1016/j.aap.2025.108311
Interactive / Online Visualization + Analytical Dimension / Focus ID:3,Spatiotemporal evolution of global maritime accidents: Integrating hot spot detection and severity modeling for system safety,Wan C.,Reliability Engineering and System Safety,266,,February 2026,10.1016/j.ress.2025.111687
Interactive / Online Visualization + Analytical Dimension / Focus ID:4,Short-crested wave-induced ship motion prediction using a CL-CBAM-GRU model,Wei Q.,Ocean Engineering,343,,15 January 2026,10.1016/j.oceaneng.2025.123277
Interactive / Online Visualization + Analytical Dimension / Focus ID:5,STCAGNN-RNKDE: a traffic accident prediction model for spatiotemporal combinatorial attention graph neural networks using Ripley's K and network kernel density estimation,Gao P.,Reliability Engineering and System Safety,265,,January 2026,10.1016/j.ress.2025.111593
Interactive / Online Visualization + Analytical Dimension / Focus ID:6,Cloud Integrated Mobile App Development for Road Safety and Pothole Detection Alert System Using Rasperry Pi,Muthu Krishnammal P.,Lecture Notes in Networks and Systems,1386 LNNS,123-146,2026,10.1007/978-981-96-6053-7_9
Interactive / Online Visualization + Analytical Dimension / Focus ID:7,LiDAR-GPS Integrated System for Real-Time Pothole Detection and Visualization Using Google Earth,Pattanashetty V.B.,Lecture Notes in Networks and Systems,1656 LNNS,215-224,2026,10.1007/978-3-032-06703-6_21
Interactive / Online Visualization + Analytical Dimension / Focus ID:8,Chaotic dual-feature graph convolutional network (CDF-GCN) for traffic speed forecasting,Shi N.,Applied Soft Computing,186,,January 2026,10.1016/j.asoc.2025.114096
Interactive / Online Visualization + Analytical Dimension / Focus ID:9,How does the driver respond to rear-end risk under time-varying driving styles: A temporal instability test using the model with heterogeneity in means and variances,Xu G.,Accident Analysis and Prevention,224,,January 2026,10.1016/j.aap.2025.108288
Interactive / Online Visualization + Analytical Dimension / Focus ID:10,Harmony or hazard? Quantifying driver workload under music and navigation distractions using interpretable AI,Peng Z.,Safety Science,193,,January 2026,10.1016/j.ssci.2025.107024
Interactive / Online Visualization + Analytical Dimension / Focus ID:11,Leveraging LLMs in Cloud–Edge Networks for Traffic Risk Prediction and Accident Severity Analysis,Hu Y.,IEEE Transactions on Network Science and Engineering,13,438-453,2026,10.1109/TNSE.2025.3584432
Interactive / Online Visualization + Analytical Dimension / Focus ID:12,Spectral Curvature Signature: A Frequency-Domain Descriptor for Driving Behavior Classification,Thai D.T.,Lecture Notes in Computer Science,16354 LNAI,371-383,2026,10.1007/978-981-95-4960-3_30
Interactive / Online Visualization + Analytical Dimension / Focus ID:13,Driver distracted detection using a new hybrid deep convolutional neural network based on Autoencoder,Hassam D.D.,Engineering Research Express,7,,31 December 2025,10.1088/2631-8695/ae0ff5
Interactive / Online Visualization + Analytical Dimension / Focus ID:14,Intelligent traffic accident detection system in complex dynamic scenarios based on the dual-stream spatiotemporal-fusion model,Liu H.,Engineering Applications of Artificial Intelligence,162,,26 December 2025,10.1016/j.engappai.2025.112675
Interactive / Online Visualization + Analytical Dimension / Focus ID:15,A systematic review on GIS-based road traffic accidents analysis and road safety audit,Endashaw D.K.,Computational Urban Science,5,,December 2025,10.1007/s43762-025-00221-w
Interactive / Online Visualization + Analytical Dimension / Focus ID:16,Multi-view residual spatio-temporal topology adaptive graph convolutional network for urban road traffic accident prediction with multi-source risks,Wang R.,Array,28,,December 2025,10.1016/j.array.2025.100617
Interactive / Online Visualization + Analytical Dimension / Focus ID:17,Time-intervals-related pattern selection for continuous event prediction,Itzhak N.,Pattern Recognition,168,,December 2025,10.1016/j.patcog.2025.111546
Interactive / Online Visualization + Analytical Dimension / Focus ID:18,Temporal facial features based fatigue detection system for low-cost devices,Wang C.,Proceedings of the Institution of Mechanical Engineers Part D Journal of Automobile Engineering,239,7272-7286,December 2025,10.1177/09544070241306160
Interactive / Online Visualization + Analytical Dimension / Focus ID:19,YOLOv10n-BC: A Novel Real-Time Object Detection Model for Driver Distracted Driving Detection,Liu Y.,IEICE Transactions on Information and Systems,E108.D,1570-1581,1 December 2025,10.1587/transinf.2025EDP7088
Interactive / Online Visualization + Analytical Dimension / Focus ID:20,Real-time driver drowsiness detection using transformer architectures: a novel deep learning approach,Hassan O.F.,Scientific Reports,15,,December 2025,10.1038/s41598-025-02111-x
Interactive / Online Visualization + Analytical Dimension / Focus ID:21,Deep segmentation of 3+1D radar point cloud for real-time roadside traffic user detection,Bhanderi S.,Scientific Reports,15,,December 2025,10.1038/s41598-025-23019-6
Interactive / Online Visualization + Analytical Dimension / Focus ID:22,Adaptive multi-scale spatio-temporal convolutional network with reinforcement learning for dynamic lane-level traffic flow prediction,Yang X.,Array,28,,December 2025,10.1016/j.array.2025.100513
Interactive / Online Visualization + Analytical Dimension / Focus ID:23,Deep learning based predictive models for real time accident prevention in autonomous vehicle networks,Almutairi A.,Scientific Reports,15,,December 2025,10.1038/s41598-025-04867-8
Interactive / Online Visualization + Analytical Dimension / Focus ID:24,Assessing motorcyclist injury severity on curved road segments with temporal dynamics and unobserved heterogeneity,Jafari M.,Scientific Reports,15,,December 2025,10.1038/s41598-025-97972-7
Interactive / Online Visualization + Audience / Application Context ID:0,Vehicle extrication in road traffic crashes: a descriptive analysis of an advanced medical rescue service in South Africa,Abdullah N.,African Journal of Emergency Medicine,15,621-627,June 2025,10.1016/j.afjem.2025.04.003
Interactive / Online Visualization + Audience / Application Context ID:1,Crash data availability and best practices across the United States,Younes H.,Traffic Injury Prevention,26,970-979,2025,10.1080/15389588.2025.2466201
Interactive / Online Visualization + Audience / Application Context ID:2,Developing a statewide active transportation planning dashboard with mobility data,Bian R.‘.,Transportation Planning and Technology,48,67-89,2025,10.1080/03081060.2024.2343901
Interactive / Online Visualization + Software / Tools Mentioned ID:0,Artificial Intelligence for Urban Safety: A Case Study for reducing road accident in Genoa,Marceddu A.,International Archives of the Photogrammetry Remote Sensing and Spatial Information Sciences ISPRS Archives,48,131-138,31 May 2024,10.5194/isprs-archives-XLVIII-4-W10-2024-131-2024
Interactive / Online Visualization + Output Type ID:0,UAV-Based Transport Management for Smart Cities Using Machine Learning,Balivada S.,Smart Cities,8,,October 2025,10.3390/smartcities8050154
Interactive / Online Visualization + Evaluation / User Study ID:0,A cross-scale traffic-communication control framework for improving safety through proactive congestion mitigation in mixed traffic,Wu Z.,Accident Analysis and Prevention,226,,March 2026,10.1016/j.aap.2025.108339
Interactive / Online Visualization + Evaluation / User Study ID:1,"Detection of driver maneuvers using a modular, low-cost sensor device",Pourkhaksar A.,Measurement Journal of the International Measurement Confederation,257,,15 January 2026,10.1016/j.measurement.2025.118864
Static / Print Visualization + Visualization Concepts ID:0,Road Accidents - Study of the Evolution and Mapping of Accidents Within the Municipality of Cagliari – Italy,Rassu N.,Lecture Notes in Computer Science,15896 LNCS,401-418,2026,10.1007/978-3-031-97654-4_25
Static / Print Visualization + Visualization Concepts ID:1,Examining the role of random parameters and unobserved heterogeneity in the frequency-severity of rural freeway run-off-road and fixed-object crashes: A Bayesian hierarchical-geospatial approach,Effati M.,Accident Analysis and Prevention,215,,June 2025,10.1016/j.aap.2025.108005
Static / Print Visualization + Visualization Concepts ID:2,Ensuring resilience and safety of the transportation system of Kyiv in planning the network of road tunnels,Haiko H.,Case Studies on Transport Policy,19,,March 2025,10.1016/j.cstp.2024.101355
Static / Print Visualization + Analytical Dimension / Focus ID:0,STCAGNN-RNKDE: a traffic accident prediction model for spatiotemporal combinatorial attention graph neural networks using Ripley's K and network kernel density estimation,Gao P.,Reliability Engineering and System Safety,265,,January 2026,10.1016/j.ress.2025.111593
Static / Print Visualization + Analytical Dimension / Focus ID:1,Determining the Spatial and Temporal Distribution of Traffic Accidents Using GIS-based Data in Tabriz,Dianat I.,Iranian Journal of Epidemiology,20,219-232,Winter 2025,10.18502/ijre.v20i4.18869
Static / Print Visualization + Analytical Dimension / Focus ID:2,A systematic review on GIS-based road traffic accidents analysis and road safety audit,Endashaw D.K.,Computational Urban Science,5,,December 2025,10.1007/s43762-025-00221-w
Static / Print Visualization + Analytical Dimension / Focus ID:3,"Spatiotemporal modeling and mapping of traffic crashes using R programming and GIS: a case study of Bole sub city, Addis Ababa, Ethiopia",Haile M.N.,Scientific Reports,15,,December 2025,10.1038/s41598-025-19651-x
Static / Print Visualization + Analytical Dimension / Focus ID:4,"Trends and disparities in motor vehicle collision injuries in Washington, D.C",Calder R.S.D.,Accident Analysis and Prevention,223,,December 2025,10.1016/j.aap.2025.108243
Static / Print Visualization + Analytical Dimension / Focus ID:5,"Spatiotemporal patterns and environmental determinants of wildlife-vehicle collisions in Banke National Park, Nepal",Koju N.P.,Scientific Reports,15,,December 2025,10.1038/s41598-025-04609-w
Static / Print Visualization + Analytical Dimension / Focus ID:6,Spatial-temporal analysis of roe deer vehicle collisions in Bavaria,Reisinger F.,Journal of Environmental Management,394,,November 2025,10.1016/j.jenvman.2025.127507
Static / Print Visualization + Analytical Dimension / Focus ID:7,Real-Time Detection of Rear Car Signals for Advanced Driver Assistance Systems Using Meta-Learning and Geometric Post-Processing,Tammisetti V.,Applied Sciences Switzerland,15,,November 2025,10.3390/app152211964
Static / Print Visualization + Analytical Dimension / Focus ID:8,Traffic sign detection algorithm with multi-layer fusion and intra-layer emphasis,Li R.,Signal Image and Video Processing,19,,November 2025,10.1007/s11760-025-04563-0
Static / Print Visualization + Analytical Dimension / Focus ID:9,Transfer learning-based facial emotion detection for enhanced driver safety: a hybrid approach,Slimi S.,Engineering Research Express,7,,30 September 2025,10.1088/2631-8695/adfa6b
Static / Print Visualization + Analytical Dimension / Focus ID:10,"Evaluation of indicators of aging-friendly urban indicators in 8 districts of Ahwaz metropolitan, southwest Iran",Asadollahi A.,Discover Applied Sciences,7,,September 2025,10.1007/s42452-025-07514-z
Static / Print Visualization + Analytical Dimension / Focus ID:11,Evaluating the efficiency of spatial-geographical models for vehicle crash frequency estimation: A case study on the urban road network of hamadan province,Almasi S.A.,Transportation Engineering,21,,September 2025,10.1016/j.treng.2025.100362
Static / Print Visualization + Analytical Dimension / Focus ID:12,Enhancing Intelligent Transportation Systems in Smart Cities Using VANETs With Deep Reinforcement Transfer Learning and Explainable AI,Ramesh S.S.S.,Transactions on Emerging Telecommunications Technologies,36,,August 2025,10.1002/ett.70219
Static / Print Visualization + Analytical Dimension / Focus ID:13,Pushing the boundary of child well-being: A spatial examination of child mortality in transition zones of extreme economic inequality and material hardship,Barboza-Salerno G.E.,Plos One,20,,August 2025,10.1371/journal.pone.0330449
Static / Print Visualization + Analytical Dimension / Focus ID:14,Using Wildlife-Vehicle Collision Records to Inform Wildlife Corridor Planning,Villamagna A.,Environmental Management,75,2103-2115,August 2025,10.1007/s00267-025-02214-1
Static / Print Visualization + Analytical Dimension / Focus ID:15,Predictive Models and GIS for Road Safety: Application to a Segment of the Chone–Flavio Alfaro Road,Moreno-Ponce L.A.,Sustainability Switzerland,17,,June 2025,10.3390/su17115032
Static / Print Visualization + Analytical Dimension / Focus ID:16,An investigation of pre-stimulus eeg for prediction of driver reaction time,Ur Rahman S.,Biomedical Physics and Engineering Express,11,,30 May 2025,10.1088/2057-1976/adbf25
Static / Print Visualization + Analytical Dimension / Focus ID:17,Spatio–temporal analysis of traffic crash hotspots- an application of GIS-based technique in road safety,Choudhary A.,Applied Geomatics,17,129-146,March 2025,10.1007/s12518-025-00615-9
Static / Print Visualization + Analytical Dimension / Focus ID:18,Evaluating spatial effect of transportation planning factors on taxi CO2 emissions,Peng Z.,Science of the Total Environment,959,,10 January 2025,10.1016/j.scitotenv.2024.178142
Static / Print Visualization + Analytical Dimension / Focus ID:19,"Identification of Road Traffic Crash Blackspots on National and State Highways in Trivandrum, India Using Kernel Density Estimation",Anil A.B.,Lecture Notes in Civil Engineering,622,71-81,2025,10.1007/978-981-96-1988-7_6
Static / Print Visualization + Analytical Dimension / Focus ID:20,"IDENTIFICATION OF ROAD CRASH ZONES, SPATIAL PATTERNS, AND EMERGING HOT SPOTS OF ROAD TRAFFIC INJURY SEVERITY IN PHUKET, THAILAND",Sae-Ngow P.,Geojournal of Tourism and Geosites,60,1067-1077,2025,10.30892/gtg.602spl04-1480
Static / Print Visualization + Audience / Application Context ID:0,Correlates of Anxiety and Depression Among Youth in India: Findings from a Large-Scale Population-Based Cross-sectional Study,Saraswat N.,Journal of Research in Health Sciences,26,,Winter 2026,10.34172/jrhs.11330
Static / Print Visualization + Audience / Application Context ID:1,Analyzing heterogeneity in motorcycle crashes: a comparative study of senior and young riders using the random forest approach,Mohamad I.,Case Studies on Transport Policy,23,,March 2026,10.1016/j.cstp.2025.101666
Static / Print Visualization + Audience / Application Context ID:2,A Systematic Review on Road Accident Prediction: A Special Attention Toward Machine Learning and Deep Learning Approaches,Verma R.,Journal of Circuits Systems and Computers,35,,30 January 2026,10.1142/S0218126625300090
Static / Print Visualization + Audience / Application Context ID:3,"Exploring Vehicular Ad-Hoc Networks: Evaluating Challenges, Applications, and Future Scope in Vehicular Ad-Hoc Networks",Sharma S.,Lecture Notes in Networks and Systems,1477 LNNS,423-434,2026,10.1007/978-981-96-8639-1_35
Static / Print Visualization + Audience / Application Context ID:4,Technology-facilitated gender-based violence: Categorizing and understanding sexual abuse against women ridesharing drivers,Crowley J.E.,Women S Studies International Forum,114,,1 January 2026,10.1016/j.wsif.2025.103197
Static / Print Visualization + Audience / Application Context ID:5,Discrepancies in media reporting of fatal road crashes and official data in India,Ashutosh A.,Scientific Reports,15,,December 2025,10.1038/s41598-025-14010-2
Static / Print Visualization + Audience / Application Context ID:6,General framework of nonlinear factor interactions using bayesian networks for risk analysis applied to road safety and public health,Carrodano C.,Scientific Reports,15,,December 2025,10.1038/s41598-025-13572-5
Static / Print Visualization + Audience / Application Context ID:7,"Predicting car accident severity in Northwest Ethiopia: a machine learning approach leveraging driver, environmental, and road conditions",Mengistu A.K.,Scientific Reports,15,,December 2025,10.1038/s41598-025-08005-2
Static / Print Visualization + Audience / Application Context ID:8,Equestrian Road Safety: A review of the literature and where next,Chapman C.,Journal of Transport and Health,45,,December 2025,10.1016/j.jth.2025.102193
Static / Print Visualization + Audience / Application Context ID:9,Information Needs and Seeking Behaviour of Long-Distance Bus Drivers in Selected Cities in Nigeria,Nwagwu W.E.,Libres,35,74-103,December 2025,10.32655/LIBRES.2025.1.4
Static / Print Visualization + Audience / Application Context ID:10,Women's perceived safety in public transport: Insights from the Middle East,Soltani A.,Journal of Transport Geography,129,,December 2025,10.1016/j.jtrangeo.2025.104413
Static / Print Visualization + Audience / Application Context ID:11,Glaucoma and Driving: a Review,Kontos M.,Current Ophthalmology Reports,13,,December 2025,10.1007/s40135-024-00328-z
Static / Print Visualization + Audience / Application Context ID:12,Advancements in accident-aware traffic management: a comprehensive review of V2X-based route optimization,Zohir H.M.,Scientific Reports,15,,December 2025,10.1038/s41598-025-20878-x
Static / Print Visualization + Audience / Application Context ID:13,Lethal kite threads: Near-decapitation of a motorcyclist,G G.,Medico Legal Journal,93,236-239,December 2025,10.1177/00258172251325093
Static / Print Visualization + Audience / Application Context ID:14,Investigating pedestrian crash injury patterns: A comparative study of children and non-children,Wang Z.,Accident Analysis and Prevention,222,,November 2025,10.1016/j.aap.2025.108223
Static / Print Visualization + Audience / Application Context ID:15,Digital roads and data ethics: Exploring the road users’ perspective,Song R.,Transportation Research Part F Traffic Psychology and Behaviour,115,,November 2025,10.1016/j.trf.2025.103330
Static / Print Visualization + Audience / Application Context ID:16,An integration of physical and psychological health through the Hero's Journey in Guided Imagery & Music: A cross-case analysis,Heiderscheit A.,Arts in Psychotherapy,96,,November 2025,10.1016/j.aip.2025.102348
Static / Print Visualization + Audience / Application Context ID:17,"A comparison of the prevalence of cannabis and alcohol use among drivers and passengers in British Columbia and Ontario, Canada",Pei L.X.,Accident Analysis and Prevention,222,,November 2025,10.1016/j.aap.2025.108242
Static / Print Visualization + Audience / Application Context ID:18,Real Time Distracted Driver Detection Using Xception Architecture And Raspberry Pi,Narayanan U.,Inteligencia Artificial,28,15-29,19 October 2025,10.4114/intartif.vol28iss75pp15-29
Static / Print Visualization + Audience / Application Context ID:19,Trends in collisions and traffic mortality rates in Mexico City: A comparison of six data sources,Ortiz M.L.H.,Plos One,20,,October 2025,10.1371/journal.pone.0334103
Static / Print Visualization + Audience / Application Context ID:20,Values and Ethics as Education Policy: Media Framing of Ecuador’s 2024 Curriculum Reform,Tusa F.,Education Sciences,15,,October 2025,10.3390/educsci15101328
Static / Print Visualization + Audience / Application Context ID:21,"Necessary, but not quite sufficient? Public opinion and reported behaviour following the reduction of speed limits in Scottish rural settlements",Davis A.L.,Journal of Transport and Health,44,,October 2025,10.1016/j.jth.2025.102167
Static / Print Visualization + Audience / Application Context ID:22,Exploring the effect of perceived safety in first/last mile mode choices,Tzouras P.G.,Transportation,52,2145-2183,October 2025,10.1007/s11116-024-10487-4
Static / Print Visualization + Audience / Application Context ID:23,Advancing the design and implementation of accessible taxi services: A study of driver and disabled rider experiences,Comeau É.,Transport Policy,172,,October 2025,10.1016/j.tranpol.2025.103762
Static / Print Visualization + Audience / Application Context ID:24,Analysis of Injury Severity in Elderly Pedestrian Traffic Accidents Based on XGBoost,Wang H.,Applied Sciences Switzerland,15,,September 2025,10.3390/app15189909
Static / Print Visualization + Software / Tools Mentioned ID:0,Road Accidents - Study of the Evolution and Mapping of Accidents Within the Municipality of Cagliari – Italy,Rassu N.,Lecture Notes in Computer Science,15896 LNCS,401-418,2026,10.1007/978-3-031-97654-4_25
Static / Print Visualization + Output Type ID:0,Incidence of persistent opioid use following traumatic injury: An infographic,Mauck M.C.,Regional Anesthesia and Pain Medicine,49,87,5 February 2024,10.1136/rapm-2023-104812
Static / Print Visualization + Evaluation / User Study ID:0,Instructor-Led VR training in medical emergency rescue education for road traffic accidents: a questionnaire-based study,Li Z.,Scientific Reports,15,,December 2025,10.1038/s41598-025-15258-4
Static / Print Visualization + Evaluation / User Study ID:1,"Intrathecal Drug Delivery for Intractable Pain: Identified Patient Satisfaction Survey Study Comparing Intrathecal Dose With Satisfaction, Pain Relief, and Side Effects",Schultz D.M.,Neuromodulation,28,1059-1069,October 2025,10.1016/j.neurom.2024.11.006
Static / Print Visualization + Evaluation / User Study ID:2,Assessment of Traffic Sign Visibility in Various Conditions,Naskar A.K.,Journal of the Institution of Engineers India Series A,106,891-905,September 2025,10.1007/s40030-025-00909-6
Static / Print Visualization + Evaluation / User Study ID:3,Spatiotemporal graph learning driven by multivariate KAN for urban road network traffic prediction,Zhang A.,Journal of Supercomputing,81,,July 2025,10.1007/s11227-025-07671-3
Static / Print Visualization + Evaluation / User Study ID:4,"Analyzing feature importance for older pedestrian crash severity: A comparative study of DNN models, emphasizing road and vehicle types with SHAP interpretation",Akter R.,Multimodal Transportation,4,,June 2025,10.1016/j.multra.2025.100203
Static / Print Visualization + Evaluation / User Study ID:5,Comparing AI and human-generated health messages in an Arabic cultural context,Hussain S.A.,Global Health Action,18,,2025,10.1080/16549716.2025.2464360
Tabular / Spreadsheet Visualization + Visualization Concepts ID:0,"Patterns, Causes, and Mortality Trends of Road Traffic Accidents in Hamedan Province, Iran: A Spatiotemporal Epidemiological Analysis (2011–2024)",Jalili E.,Journal of Research in Health Sciences,26,,Winter 2026,10.34172/jrhs.11510
Tabular / Spreadsheet Visualization + Visualization Concepts ID:1,"Monthly rural-urban scaling of road accidents in England, Wales and Scotland (2019-2023)",Copsey I.,Applied Mathematics and Computation,516,,1 May 2026,10.1016/j.amc.2025.129874
Tabular / Spreadsheet Visualization + Visualization Concepts ID:2,Effect of COVID-19 restrictions and fuel prices on traffic volume and offenses in Iran: A spatiotemporal analysis,Delavary M.,Plos One,20,,October 2025,10.1371/journal.pone.0332443
Tabular / Spreadsheet Visualization + Visualization Concepts ID:3,Segment length optimization for crash frequency modelling: Evaluating power spectral segment length in safety performance assessment,Kumar P.,Accident Analysis and Prevention,219,,September 2025,10.1016/j.aap.2025.108122
Tabular / Spreadsheet Visualization + Visualization Concepts ID:4,Nonlinear Effects of Multiscale Road Network Features on Traffic Accidents,Zhou F.,Tropical Geography,45,1344-1357,August 2025,10.13284/j.cnki.rddl.20240777
Tabular / Spreadsheet Visualization + Visualization Concepts ID:5,Dataset for Traffic Accident Analysis in Poland: Integrating Weather Data and Sociodemographic Factors,Faruga Ł.,Applied Sciences Switzerland,15,,July 2025,10.3390/app15137362
Tabular / Spreadsheet Visualization + Visualization Concepts ID:6,Explainable artificial intelligence visions on incident duration using eXtreme Gradient Boosting and SHapley Additive exPlanations,Hamad K.,Multimodal Transportation,4,,June 2025,10.1016/j.multra.2025.100209
Tabular / Spreadsheet Visualization + Visualization Concepts ID:7,Can tire wear be detected using vibration signals?–an experimental study,Prasshanth C.V.,International Journal of System Assurance Engineering and Management,16,1899-1913,May 2025,10.1007/s13198-025-02756-x
Tabular / Spreadsheet Visualization + Visualization Concepts ID:8,"Modelling low temporal, large spatial data of fatal crashes: An application of negative binomial GSARIMAX time series",Ghalehnovi S.,Accident Analysis and Prevention,214,,May 2025,10.1016/j.aap.2025.107958
Tabular / Spreadsheet Visualization + Visualization Concepts ID:9,Analyzing Traffic Accident Trends and Correlations in Iraq: An Investigative Statistical Approach,Hassooni D.K.,Aip Conference Proceedings,3303,,31 March 2025,10.1063/5.0264564
Tabular / Spreadsheet Visualization + Analytical Dimension / Focus ID:0,Crash analysis for urban road networks: Semi-parametric spatial negative binomial models with monotonic constraints,Xia M.,Accident Analysis and Prevention,225,,February 2026,10.1016/j.aap.2025.108329
Tabular / Spreadsheet Visualization + Analytical Dimension / Focus ID:1,Unpacking temporal trends in U.S. road injury mortality by mode of transportation and sex: An age–period–cohort analysis,Hsu C.K.,Cities,169,,February 2026,10.1016/j.cities.2025.106492
Tabular / Spreadsheet Visualization + Analytical Dimension / Focus ID:2,An examination of skeletal fracture patterns in car occupants following fatal motor vehicle incidents,Wulff A.R.,Forensic Science International,379,,January 2026,10.1016/j.forsciint.2025.112740
Tabular / Spreadsheet Visualization + Analytical Dimension / Focus ID:3,Epidemiology of pediatric road traffic injuries: a multicenter hospital-based study in Ghana,Appiah A.B.,Injury Epidemiology,12,,December 2025,10.1186/s40621-025-00646-1
Tabular / Spreadsheet Visualization + Analytical Dimension / Focus ID:4,A Computational Intelligence GNN–LSTM Framework for Spatiotemporal Prediction of Traffic Accident Severity in Smart Cities Using SHAP XAI,Alnowaiser K.,International Journal of Computational Intelligence Systems,18,,December 2025,10.1007/s44196-025-01015-y
Tabular / Spreadsheet Visualization + Analytical Dimension / Focus ID:5,National trends in road traffic injuries and fatalities in Saudi Arabia from 2000 to 2023,Alharbi R.J.,Scientific Reports,15,,December 2025,10.1038/s41598-025-15217-z
Tabular / Spreadsheet Visualization + Analytical Dimension / Focus ID:6,Prevalence of post-traumatic stress disorder and its associated factors among survivors of road traffic accidents in Kathmandu valley,Acharya A.,BMC Public Health,25,,December 2025,10.1186/s12889-025-24475-5
Tabular / Spreadsheet Visualization + Analytical Dimension / Focus ID:7,"Work-related eye injuries among Social Security-insured workers in Brazil: magnitude and temporal trend, 2003–2019",dos Santos Júnior C.J.,Discover Public Health,22,,December 2025,10.1186/s12982-025-00651-1
Tabular / Spreadsheet Visualization + Analytical Dimension / Focus ID:8,"When do emergencies happen? Exploring circadian, weekly, and seasonal trends in ambulance calls in Cyprus",Protopapas A.,International Emergency Nursing,83,,December 2025,10.1016/j.ienj.2025.101686
Tabular / Spreadsheet Visualization + Analytical Dimension / Focus ID:9,Smartphone addiction and its association with accident risk in Iranian adults,Azami-Aghdash S.,Scientific Reports,15,,December 2025,10.1038/s41598-025-05101-1
Tabular / Spreadsheet Visualization + Analytical Dimension / Focus ID:10,"Magnitude and temporal evolution of traffic injuries and deaths in Brazil, 2001 to 2021",Souza E.R.d.,Ciencia Saude Coletiva,30,e15372025,1 October 2025,10.1590/1413-812320253010.15372025
Tabular / Spreadsheet Visualization + Analytical Dimension / Focus ID:11,Effect of COVID-19 restrictions and fuel prices on traffic volume and offenses in Iran: A spatiotemporal analysis,Delavary M.,Plos One,20,,October 2025,10.1371/journal.pone.0332443
Tabular / Spreadsheet Visualization + Analytical Dimension / Focus ID:12,Open skull fractures and sepsis: Evidence towards a targeted antibiotic prophylactic recommendation,Hoffman J.P.,Clinical Neurology and Neurosurgery,257,,October 2025,10.1016/j.clineuro.2025.109050
Tabular / Spreadsheet Visualization + Analytical Dimension / Focus ID:13,Trends in isolated chest trauma in Japan: a 15-year analysis using the Japan Trauma Data Bank,Igai H.,Journal of Thoracic Disease,17,5734-5743,31 August 2025,10.21037/jtd-2025-88
Tabular / Spreadsheet Visualization + Analytical Dimension / Focus ID:14,"Epidemiological characteristics of injury deaths in local residents in Nanjing, 2009-2023",Zhang T.,Chinese Journal of Epidemiology,46,1196-1203,10 July 2025,10.3760/cma.j.cn112338-20241111-00713
Tabular / Spreadsheet Visualization + Analytical Dimension / Focus ID:15,Spatio-temporal analysis of road traffic crashes by severity,Gedamu W.T.,Transportation Engineering,20,,June 2025,10.1016/j.treng.2025.100327
Tabular / Spreadsheet Visualization + Analytical Dimension / Focus ID:16,Management and outcomes of pediatric traumatic brain injury in Nigeria: a systematic review,Woo J.,Journal of Neurosurgery Pediatrics,35,627-636,June 2025,10.3171/2024.12.PEDS24437
Tabular / Spreadsheet Visualization + Analytical Dimension / Focus ID:17,"Modelling low temporal, large spatial data of fatal crashes: An application of negative binomial GSARIMAX time series",Ghalehnovi S.,Accident Analysis and Prevention,214,,May 2025,10.1016/j.aap.2025.107958
Tabular / Spreadsheet Visualization + Analytical Dimension / Focus ID:18,A systematic analysis on global epidemiology and burden of foot fracture over three decades,Chen C.,Chinese Journal of Traumatology English Edition,28,208-215,May 2025,10.1016/j.cjtee.2024.03.001
Tabular / Spreadsheet Visualization + Analytical Dimension / Focus ID:19,"Traffic crash prediction in Kano, Nigeria: multivariate long short-term memory method",Labbo M.S.,Proceedings of the Institution of Civil Engineers Transport,178,184-191,23 April 2025,10.1680/jtran.24.00003
Tabular / Spreadsheet Visualization + Analytical Dimension / Focus ID:20,Towards Enhancing Road Safety in South Carolina Using Insights from Traffic and Driver-Education Data,Gupta N.,Proceedings of the Aaai Conference on Artificial Intelligence,39,29385-29387,11 April 2025,10.1609/aaai.v39i28.35260
Tabular / Spreadsheet Visualization + Analytical Dimension / Focus ID:21,Epidemiology of Traumatic Injuries at a Single Regional Trauma Center in South Korea: Age-Specific and Temporal Trends (2014–2023),Jeon S.,Healthcare Switzerland,13,,April 2025,10.3390/healthcare13070773
Tabular / Spreadsheet Visualization + Analytical Dimension / Focus ID:22,Influence of road safety policies on the long-term trends in fatal Crashes: A Gaussian Copula-based time series count model with an autoregressive moving average process,Lian Y.,Accident Analysis and Prevention,211,,March 2025,10.1016/j.aap.2024.107795
Tabular / Spreadsheet Visualization + Analytical Dimension / Focus ID:23,Cause-Specific Secular Trends and Prevention Measures of Post-Neonatally Acquired Cerebral Palsy in Victoria and Western Australia 1975–2014: A Population-Based Observational Study,Waight E.,Journal of Paediatrics and Child Health,61,424-432,March 2025,10.1111/jpc.16760
Tabular / Spreadsheet Visualization + Analytical Dimension / Focus ID:24,A new spatiotemporal convolutional neural network model for short-term crash prediction,Cai B.,Frontiers of Engineering Management,12,86-98,March 2025,10.1007/s42524-024-4040-8
Tabular / Spreadsheet Visualization + Audience / Application Context ID:0,Using Enforcement and Adjudication Data to Assess the Impact of a Primary Safety Belt Law,Costich J.F.,Traffic Injury Prevention,16,664-668,3 October 2015,10.1080/15389588.2014.999857
Tabular / Spreadsheet Visualization + Audience / Application Context ID:1,Evidence to inform intersectoral policies: A comparison of health and transport sector evidence in support of road traffic injury prevention,Bao J.,Health Research Policy and Systems,13,,"March 25, 2015",10.1186/s12961-015-0008-9
Tabular / Spreadsheet Visualization + Audience / Application Context ID:2,The accuracy of death certificates in identifying work-related fatal injuries,Kraus J.,American Journal of Epidemiology,141,973-979,15 May 1995,10.1093/oxfordjournals.aje.a117364
Tabular / Spreadsheet Visualization + Software / Tools Mentioned ID:0,Decision Support System for Urban Road Safety: A Comparison Between Two Different City Size,Pinna M.,Lecture Notes in Computer Science,15889 LNCS,54-71,2026,10.1007/978-3-031-97603-2_4
Tabular / Spreadsheet Visualization + Software / Tools Mentioned ID:1,Mapping Risk Factors to Build Inclusive Roads: A Systematic Diagnosis for Enhancing Vulnerable Users and Persons with Reduced Mobility Safety,Maestroni D.,Lecture Notes in Computer Science,15898 LNCS,87-104,2026,10.1007/978-3-031-97657-5_6
Tabular / Spreadsheet Visualization + Software / Tools Mentioned ID:2,Spatiotemporal and behavioural correlates of cycling near misses: evidence from helmet-mounted video data,Christie N.,Accident Analysis and Prevention,224,,January 2026,10.1016/j.aap.2025.108272
Tabular / Spreadsheet Visualization + Software / Tools Mentioned ID:3,A systematic review on GIS-based road traffic accidents analysis and road safety audit,Endashaw D.K.,Computational Urban Science,5,,December 2025,10.1007/s43762-025-00221-w
Tabular / Spreadsheet Visualization + Software / Tools Mentioned ID:4,Determining the Spatial and Temporal Distribution of Traffic Accidents Using GIS-based Data in Tabriz,Dianat I.,Iranian Journal of Epidemiology,20,219-232,Winter 2025,10.18502/ijre.v20i4.18869
Tabular / Spreadsheet Visualization + Software / Tools Mentioned ID:5,"Spatiotemporal modeling and mapping of traffic crashes using R programming and GIS: a case study of Bole sub city, Addis Ababa, Ethiopia",Haile M.N.,Scientific Reports,15,,December 2025,10.1038/s41598-025-19651-x
Tabular / Spreadsheet Visualization + Software / Tools Mentioned ID:6,How does the built environment affect driver behaviours? A methodological framework for large-scale analysis that combines Onboard Diagnostic and Geographical Data to promote Road Safety,Nicolosi V.,Transportation Engineering,22,,December 2025,10.1016/j.treng.2025.100384
Tabular / Spreadsheet Visualization + Software / Tools Mentioned ID:7,Integrating climatic projections and geographical variables to predict road accident risks based on insights from the Khorramabad pole Zal axis under RCP scenarios,Moridi V.,Discover Environment,3,,December 2025,10.1007/s44274-025-00417-1
Tabular / Spreadsheet Visualization + Software / Tools Mentioned ID:8,Analyzing pocket park locations and pedestrian accident rates using Generative Adversarial Networks,Li Y.,Cities,167,,December 2025,10.1016/j.cities.2025.106341
Tabular / Spreadsheet Visualization + Software / Tools Mentioned ID:9,"Evaluating the impact of meteorological parameters on road accidents using spatial analysis: a case study of Semnan province, Iran",Ghazvinian H.,Spatial Information Research,33,,October 2025,10.1007/s41324-025-00645-w
Tabular / Spreadsheet Visualization + Software / Tools Mentioned ID:10,Analysis of Spatial and Environmental Factors Beyond Speed Limits Affecting Drivers’ Speed Choice,Baek J.,Sustainability Switzerland,17,,October 2025,10.3390/su17209097
Tabular / Spreadsheet Visualization + Software / Tools Mentioned ID:11,A data-driven spatial decision framework for assessing the relationship between logistics activities and heavy vehicle accident risks,Kaya Ö.,Research in Transportation Business and Management,62,,October 2025,10.1016/j.rtbm.2025.101440
Tabular / Spreadsheet Visualization + Software / Tools Mentioned ID:12,Early Response Framework for Accident Detection and Prevention Through Multi-Zone Fog-Cloud Collaboration for Safety-Critical Applications,Mishra M.,Software Practice and Experience,55,1616-1634,September 2025,10.1002/spe.3439
Tabular / Spreadsheet Visualization + Software / Tools Mentioned ID:13,"Evaluation of indicators of aging-friendly urban indicators in 8 districts of Ahwaz metropolitan, southwest Iran",Asadollahi A.,Discover Applied Sciences,7,,September 2025,10.1007/s42452-025-07514-z
Tabular / Spreadsheet Visualization + Output Type ID:0,Surgical management of paediatric frontal fractures with and without sinus pneumatisation: a multicentre study,Sobrero F.,Journal of Stomatology Oral and Maxillofacial Surgery,127,,March 2026,10.1016/j.jormas.2025.102607
Tabular / Spreadsheet Visualization + Output Type ID:1,GPS-Based Toll Tracking and Speed Monitoring System,Jawale P.,Lecture Notes in Networks and Systems,1459 LNNS,335-346,2026,10.1007/978-981-96-7505-0_26
Tabular / Spreadsheet Visualization + Output Type ID:2,Integrated improved ant colony optimization and Q-learning for ice navigation route planning,Zhou J.,Ocean Engineering,342,,30 December 2025,10.1016/j.oceaneng.2025.122935
Tabular / Spreadsheet Visualization + Output Type ID:3,"Trends and disparities in motor vehicle collision injuries in Washington, D.C",Calder R.S.D.,Accident Analysis and Prevention,223,,December 2025,10.1016/j.aap.2025.108243
Tabular / Spreadsheet Visualization + Output Type ID:4,"Quantifying the potential gains in life expectancy from eliminating cardiovascular disease, road traffic injuries, and cancers in Iran",Naserian-Tarhan R.,BMC Research Notes,18,,December 2025,10.1186/s13104-025-07502-x
Tabular / Spreadsheet Visualization + Output Type ID:5,"When do emergencies happen? Exploring circadian, weekly, and seasonal trends in ambulance calls in Cyprus",Protopapas A.,International Emergency Nursing,83,,December 2025,10.1016/j.ienj.2025.101686
Tabular / Spreadsheet Visualization + Output Type ID:6,Epidemiological characteristics of pediatric trauma and the role of the Injury Severity Score in predicting mortality risk: a multicenter study,Bao Y.,European Journal of Pediatrics,184,,December 2025,10.1007/s00431-025-06586-8
Tabular / Spreadsheet Visualization + Output Type ID:7,Utility task vehicle crashes and injuries in Iowa,Sternhagen P.R.,Injury Epidemiology,12,,December 2025,10.1186/s40621-025-00595-9
Tabular / Spreadsheet Visualization + Output Type ID:8,Factors predicting the need for rescue decompressive craniectomy for refractory intracranial hypertension in pediatric traumatic brain injury,Schulien A.,Child S Nervous System,41,,December 2025,10.1007/s00381-025-07036-4
Tabular / Spreadsheet Visualization + Output Type ID:9,Evaluating road crash risk for a mega-event: an application to 2026 Milano-Cortina Winter Olympic games,Raccagni S.,Transportation Research Interdisciplinary Perspectives,34,,November 2025,10.1016/j.trip.2025.101709
Tabular / Spreadsheet Visualization + Output Type ID:10,Effectiveness of raised safety platforms: a systematic review of literature,Golbabaei F.,Transportation Research Interdisciplinary Perspectives,34,,November 2025,10.1016/j.trip.2025.101671
Tabular / Spreadsheet Visualization + Output Type ID:11,"Invited commentary on ‘Population health, health equity and health system impacts of light vehicle electrification: a modelling study in Aotearoa/New Zealand’",Nguyen Q.C.,Journal of Epidemiology and Community Health,79,819-820,1 November 2025,10.1136/jech-2025-224930
Tabular / Spreadsheet Visualization + Output Type ID:12,IoT-based crash detection system,Pramudhita A.N.,Aip Conference Proceedings,3334,,30 October 2025,10.1063/5.0295189
Tabular / Spreadsheet Visualization + Output Type ID:13,UAV-Based Transport Management for Smart Cities Using Machine Learning,Balivada S.,Smart Cities,8,,October 2025,10.3390/smartcities8050154
Tabular / Spreadsheet Visualization + Output Type ID:14,Collaborative Real-Time Single-Object Anomaly Detection Framework of Roadside Facilities for Traffic Safety and Management Using Efficient YOLO,Kang J.,Applied Sciences Switzerland,15,,October 2025,10.3390/app152011139
Tabular / Spreadsheet Visualization + Output Type ID:15,Cluster-based secure internet of vehicles with enhanced secure on-demand distance vector,Dhanare R.,Wireless Networks,31,4499-4517,October 2025,10.1007/s11276-025-04006-1
Tabular / Spreadsheet Visualization + Output Type ID:16,Split vs single-dose oral methotrexate in rheumatoid arthritis: a randomized controlled trial (SMART study),Prasad C.B.,Clinical Rheumatology,44,3869-3879,October 2025,10.1007/s10067-025-07646-y
Tabular / Spreadsheet Visualization + Output Type ID:17,Passable: An Intelligent Traffic Light System with Integrated Incident Detection and Vehicle Alerting,Alzamzami O.,Sensors,25,,September 2025,10.3390/s25185760
Tabular / Spreadsheet Visualization + Output Type ID:18,"Etiology and pattern of zygomatic bone fracture among patients with facial injuries attending Muhimbili National Hospital, Tanzania",Laizer P.J.,Pan African Medical Journal,52,,Sep - Dec 2025,10.11604/pamj.2025.52.13.42463
Tabular / Spreadsheet Visualization + Output Type ID:19,Management of Polytraumatized Patients: Challenges and Insights into Air Transfer,Anghele M.,Healthcare Switzerland,13,,September 2025,10.3390/healthcare13172181
Tabular / Spreadsheet Visualization + Output Type ID:20,Fracture Patterns in Fatal Free Falls: A Systematic Review of Intrinsic and Extrinsic Risk Factors and the Role of Postmortem CT,Woliński F.,Journal of Clinical Medicine,14,,September 2025,10.3390/jcm14176305
Tabular / Spreadsheet Visualization + Output Type ID:21,Risk-field assessment for signalized intersections using surrogate safety measure,Jeena S.L.,Journal of Safety Research,94,391-403,September 2025,10.1016/j.jsr.2025.07.003
Tabular / Spreadsheet Visualization + Output Type ID:22,An Analytical Framework for Clustering Roads Based on Crash Severity Analysis,khedher I.,SN Computer Science,6,,August 2025,10.1007/s42979-025-04097-9
Tabular / Spreadsheet Visualization + Output Type ID:23,Study on the Eye Movement Transfer Characteristics of Drivers Under Different Road Conditions,Hao Z.,Applied Sciences Switzerland,15,,August 2025,10.3390/app15158559
Tabular / Spreadsheet Visualization + Output Type ID:24,The multi-factor effects study on mechanical properties of rat skin using orthogonal experimental design,Yang S.,Journal of the Mechanical Behavior of Biomedical Materials,168,,August 2025,10.1016/j.jmbbm.2025.107018
Tabular / Spreadsheet Visualization + Evaluation / User Study ID:0,A frequency-attentive spatio-temporal convolutional neural network with weighted feature fusion for EEG-based driver fatigue detection,Bello I.,Biomedical Signal Processing and Control,113,,March 2026,10.1016/j.bspc.2025.108979
Tabular / Spreadsheet Visualization + Evaluation / User Study ID:1,Automated geolocalization of vehicles from UAV footage: evaluating measurement precision of object detection and segmentation methods,Ahmed M.W.,Applied Geomatics,18,,March 2026,10.1007/s12518-025-00662-2
Tabular / Spreadsheet Visualization + Evaluation / User Study ID:2,Analyzing heterogeneity in motorcycle crashes: a comparative study of senior and young riders using the random forest approach,Mohamad I.,Case Studies on Transport Policy,23,,March 2026,10.1016/j.cstp.2025.101666
Tabular / Spreadsheet Visualization + Evaluation / User Study ID:3,SET-DGCN: An end-to-end electroencephalography-based fatigue detection method for young drivers,Cao Y.,Accident Analysis and Prevention,225,,February 2026,10.1016/j.aap.2025.108311
Tabular / Spreadsheet Visualization + Evaluation / User Study ID:4,A data-driven digital twin model for bridge health monitoring using feature fusion and unsupervised deep learning,Mousavi V.,Information Fusion,126,,February 2026,10.1016/j.inffus.2025.103534
Tabular / Spreadsheet Visualization + Evaluation / User Study ID:5,Polynomial gated network: An intelligent classification method for driver fatigue based on EEG analysis,Huangfu C.,Measurement Journal of the International Measurement Confederation,257,,15 January 2026,10.1016/j.measurement.2025.118973
Tabular / Spreadsheet Visualization + Evaluation / User Study ID:6,"Detection of driver maneuvers using a modular, low-cost sensor device",Pourkhaksar A.,Measurement Journal of the International Measurement Confederation,257,,15 January 2026,10.1016/j.measurement.2025.118864
Tabular / Spreadsheet Visualization + Evaluation / User Study ID:7,Application of the dual-model interpretability framework of XGBoost-SHAP and GAT-GNNExplainer to investigate the impact of the built environment on traffic accidents at intersections,Chen Y.,Accident Analysis and Prevention,224,,January 2026,10.1016/j.aap.2025.108305
Tabular / Spreadsheet Visualization + Evaluation / User Study ID:8,A Survey on Deep Learning Techniques and Real-Time Applications in Traffic Sign Recognition,Pattnaik S.,Lecture Notes in Networks and Systems,1519 LNNS,57-65,2026,10.1007/978-981-96-8901-9_6
Tabular / Spreadsheet Visualization + Evaluation / User Study ID:9,Low Visibility Forecasting Using Numerical Weather Prediction Data,Paul T.,Lecture Notes in Computer Science,16022,196-212,2026,10.1007/978-3-032-06129-4_12
Tabular / Spreadsheet Visualization + Evaluation / User Study ID:10,Detection of Potholes Using Deep Learning and Image Processing Techniques,Kanchana M.,Lecture Notes in Networks and Systems,1359 LNNS,387-403,2026,10.1007/978-981-96-4933-4_27
Tabular / Spreadsheet Visualization + Evaluation / User Study ID:11,Nominative Trademark Collision Analysis: A Study on the Performance of Natural Language Processing Models,Torres M.M.,Lecture Notes in Networks and Systems,1524 LNNS,301-315,2026,10.1007/978-3-031-97799-2_25
Tabular / Spreadsheet Visualization + Evaluation / User Study ID:12,Harmony or hazard? Quantifying driver workload under music and navigation distractions using interpretable AI,Peng Z.,Safety Science,193,,January 2026,10.1016/j.ssci.2025.107024
Tabular / Spreadsheet Visualization + Evaluation / User Study ID:13,DD-YOLO: A dual-channel dual-path YOLO network for target detection of blurred vehicles,Duan C.,Digital Signal Processing A Review Journal,168,,January 2026,10.1016/j.dsp.2025.105565
Tabular / Spreadsheet Visualization + Evaluation / User Study ID:14,Involution and Kolmogorov-Arnold networks based computationally efficient algorithm for detection of road defect with use of oriented bounding boxes,Tomiło P.,Ain Shams Engineering Journal,17,,January 2026,10.1016/j.asej.2025.103848
Tabular / Spreadsheet Visualization + Evaluation / User Study ID:15,Spectral Curvature Signature: A Frequency-Domain Descriptor for Driving Behavior Classification,Thai D.T.,Lecture Notes in Computer Science,16354 LNAI,371-383,2026,10.1007/978-981-95-4960-3_30
Tabular / Spreadsheet Visualization + Evaluation / User Study ID:16,Evaluating Viaduct Surface Cracking on SLAM Point Clouds: Insights from an Italian Case Study,Pascucci N.,Lecture Notes in Networks and Systems,1675 LNNS,618-639,2026,10.1007/978-3-032-07986-2_39
Tabular / Spreadsheet Visualization + Evaluation / User Study ID:17,Risk analysis of pedestrian crosswalks in airport drop-off zones based on integrated VISSIM–SSAM model,Qin M.x.,Accident Analysis and Prevention,224,,January 2026,10.1016/j.aap.2025.108279
Tabular / Spreadsheet Visualization + Evaluation / User Study ID:18,Context reasoning-based vehicle traffic accident severity prediction using a machine learning algorithm in edge computing,Mahalakshmi V.,Engineering Research Express,7,,31 December 2025,10.1088/2631-8695/ae06f5
Tabular / Spreadsheet Visualization + Evaluation / User Study ID:19,Residual generative adversarial network-driven Data enhancement for magnetic flux leakage-based defect recognition in oil and gas pipelines,Liu B.,Engineering Applications of Artificial Intelligence,162,,24 December 2025,10.1016/j.engappai.2025.112720
Tabular / Spreadsheet Visualization + Evaluation / User Study ID:20,"Driver risk classification for transportation safety: A machine learning approach using psychological, physiological, and demographic factors with driving simulator",Masmoudi M.,Engineering Applications of Artificial Intelligence,162,,22 December 2025,10.1016/j.engappai.2025.112585
Tabular / Spreadsheet Visualization + Evaluation / User Study ID:21,A hybrid ARIMA-BP approach for superior accuracy in predicting traffic accident losses,Liu J.,Scientific Reports,15,,December 2025,10.1038/s41598-025-09888-x
Tabular / Spreadsheet Visualization + Evaluation / User Study ID:22,An explainable multi-task deep learning framework for crash severity prediction using multi-source data,Xiao Y.,Scientific Reports,15,,December 2025,10.1038/s41598-025-09226-1
Tabular / Spreadsheet Visualization + Evaluation / User Study ID:23,Traffic accident severity prediction based on an enhanced MSCPO-XGBoost hybrid model,Chen F.,Scientific Reports,15,,December 2025,10.1038/s41598-025-00797-7
Tabular / Spreadsheet Visualization + Evaluation / User Study ID:24,A Computational Intelligence GNN–LSTM Framework for Spatiotemporal Prediction of Traffic Accident Severity in Smart Cities Using SHAP XAI,Alnowaiser K.,International Journal of Computational Intelligence Systems,18,,December 2025,10.1007/s44196-025-01015-y
